,text,lemma,gender,number,animate,count
1,אב,אב,Masc,Sing,True,22219
2,אבא,אבא,Masc,Sing,True,2009
7,אבות,אב,Masc,Plur,True,7390
8,אבותי,אב,Masc,Plur,True,1402
9,אבותיי,אב,Masc,Plur,True,2
20,אבי,אב,Masc,Sing,True,56237
22,אביון,אביון,Masc,Sing,True,36
23,אביונים,אביון,Masc,Plur,True,109
24,אבים,אב,Masc,Plur,True,27
25,אבים,אב,Masc,Sing,True,11
26,אביר,אביר,Masc,Sing,True,2778
28,אבירי,אביר,Masc,Plur,True,1949
29,אבירי,אביר,Masc,Sing,True,7
32,אבל,אבל,Masc,Sing,True,1159
37,אבלי,אבל,Masc,Plur,True,36
38,אבלי,אבל,Masc,Sing,True,13
39,אבלים,אבל,Masc,Plur,True,336
86,אדון,אדון,Masc,Sing,True,2476
87,אדונ,אדון,Masc,Sing,True,386
88,אדונו,אדון,Masc,Sing,True,22
89,אדונות,אדון,Fem,Plur,True,4
90,אדונות,אדון,Fem,Sing,True,7
91,אדוני,אדון,Masc,Plur,True,902
92,אדוני,אדון,Masc,Sing,True,62
93,אדונים,אדון,Masc,Plur,True,563
118,אוגרי,אוגר,Masc,Plur,True,66
119,אוגריים,אוגר,Masc,Plur,True,31
120,אוגרים,אוגר,Masc,Plur,True,263
125,אוז,אוז,Masc,Sing,True,245
196,אח,אח,Fem,Sing,True,27
197,אח,אח,Masc,Sing,True,4638
203,אחווים,אח,Masc,Plur,True,4
207,אחות,אח,Fem,Sing,True,17843
208,אחותי,אח,Fem,Sing,True,27
209,אחי,אח,Masc,Plur,True,120
210,אחי,אח,Masc,Sing,True,29613
211,אחיות,אח,Fem,Plur,True,5584
212,אחיותי,אח,Fem,Plur,True,664
213,אחיותי,אח,Masc,Plur,True,533
217,אחיכ,אח,Masc,Sing,True,4
218,אחים,אח,Masc,Plur,True,14473
236,אילה,אילה,Fem,Sing,True,6
237,אילי,אילה,Masc,Plur,True,207
238,אילי,אילה,Masc,Sing,True,4
239,אילים,אילה,Masc,Plur,True,54
240,אימ,אם,Fem,Sing,True,46
241,אימ,אם,Masc,Sing,True,268
244,אימהות,אם,Fem,Plur,True,949
245,אימהות,אם,Fem,Sing,True,6
260,אינסטלטור,אינסטלטור,Masc,Sing,True,20
261,אינסטלטורים,אינסטלטור,Masc,Plur,True,2
264,איש,איש,Masc,Sing,True,47326
265,אישה,איש,Fem,Sing,True,27532
266,אישה,איש,Masc,Sing,True,2
267,אישיות,אישיות,Fem,Plur,True,118
268,אישיות,אישיות,Fem,Sing,True,6924
269,אישת,איש,Fem,Sing,True,13
285,אל,אל,Masc,Sing,True,9649
286,אלה,אל,Masc,Plur,True,106
287,אלה,אל,Masc,Sing,True,2
288,אלה,אלה,Masc,Sing,True,23
289,אלהי,אלה,Masc,Plur,True,19
290,אלהי,אלה,Masc,Sing,True,12
291,אלהים,אלה,Masc,Plur,True,21
292,אלהים,אלה,Masc,Sing,True,2
293,אלהים,אלהים,Masc,Sing,True,371
299,אלוף,אלוף,Masc,Sing,True,17362
300,אלופ,אלוף,Masc,Sing,True,14
301,אלופי,אלוף,Masc,Plur,True,3008
302,אלופים,אלוף,Masc,Plur,True,2898
303,אלות,אלה,Fem,Plur,True,867
304,אלות,אלה,Masc,Plur,True,21
305,אלותי,אלה,Fem,Plur,True,10
306,אלותי,אלה,Masc,Plur,True,86
307,אלותי,אלה,Masc,Sing,True,4
309,אלי,אל,Masc,Plur,True,2
310,אלי,אל,Masc,Sing,True,43
311,אליות,אל,Fem,Plur,True,12
315,אללה,אלה,Masc,Sing,True,2
316,אלמן,אלמן,Masc,Sing,True,353
317,אלמנ,אלמן,Masc,Sing,True,2
318,אלמנה,אלמנה,Fem,Sing,True,1610
319,אלמני,אלמן,Masc,Plur,True,2
320,אלמנת,אלמנה,Fem,Sing,True,1830
329,אם,אם,Fem,Sing,True,14133
330,אם,אם,Masc,Plur,True,2
331,אם,אם,Masc,Sing,True,48
332,אמ,אם,Fem,Sing,True,11206
333,אמ,אמא,Masc,Sing,True,7
334,אמא,אמא,Fem,Sing,True,3073
338,אמהות,אם,Fem,Plur,True,1636
339,אמהות,אם,Fem,Sing,True,2
350,אמים,אם,Masc,Plur,True,3
352,אמיר,אמיר,Masc,Sing,True,757
356,אמירי,אמיר,Masc,Plur,True,29
357,אמירים,אמיר,Masc,Plur,True,207
361,אמן,אמן,Masc,Sing,True,15371
362,אמנ,אמן,Fem,Sing,True,2
363,אמנ,אמן,Masc,Sing,True,12
366,אמני,אמן,Masc,Plur,True,4679
367,אמניות,אמן,Fem,Plur,True,1172
368,אמניי,אמן,Masc,Plur,True,2
369,אמנים,אמן,Masc,Plur,True,20799
389,אנכי,אנס,Masc,Sing,True,2
393,אנס,אנס,Masc,Sing,True,1048
396,אנפה,אנפה,Fem,Sing,True,444
397,אנפת,אנפה,Fem,Sing,True,83
398,אנשי,איש,Masc,Plur,True,61806
399,אנשים,איש,Masc,Plur,True,58658
452,ארבה,ארבה,Fem,Sing,True,425
453,ארבה,ארבה,Masc,Sing,True,4
494,אריה,אריה,Fem,Sing,True,6
495,אריה,אריה,Masc,Sing,True,1992
496,אריות,אריה,Fem,Plur,True,490
497,אריות,אריה,Masc,Plur,True,2390
498,אריותי,אריה,Fem,Plur,True,7
499,אריותי,אריה,Masc,Plur,True,27
503,אריית,אריה,Fem,Sing,True,12
517,ארנבון,ארנבון,Masc,Sing,True,189
518,ארנבוני,ארנבון,Masc,Plur,True,16
519,ארנבונים,ארנבון,Masc,Plur,True,162
537,אשה,איש,Fem,Sing,True,4688
546,אשים,איש,Fem,Sing,True,6
547,אשים,איש,Masc,Sing,True,43
568,אשת,איש,Fem,Sing,True,35741
569,אשתי,איש,Fem,Sing,True,13
604,בהמ,בן,Masc,Sing,True,2
608,בולם,בלם,Masc,Sing,True,58
622,בוקר,בוקר,Masc,Sing,True,13093
623,בוקרי,בוקר,Masc,Plur,True,4
624,בוקרים,בוקר,Masc,Plur,True,250
625,בוקרת,בוקר,Fem,Sing,True,29
639,בז,בז,Masc,Sing,True,913
640,בזי,בז,Masc,Plur,True,15
642,בזים,בז,Masc,Plur,True,132
643,בחורה,בחורה,Fem,Sing,True,597
644,בחורות,בחורה,Fem,Plur,True,138
679,ביזון,ביזון,Masc,Sing,True,335
680,ביזוני,ביזון,Masc,Plur,True,3
681,ביזונים,ביזון,Masc,Plur,True,249
724,בלם,בלם,Masc,Sing,True,1465
725,בלמ,בלם,Masc,Sing,True,30
726,בלמה,בלם,Fem,Sing,True,2
727,בלמי,בלם,Masc,Plur,True,647
728,בלמים,בלם,Masc,Plur,True,733
730,בן,בן,Masc,Sing,True,58810
731,בנ,בן,Masc,Sing,True,41939
732,בנאי,בנאי,Masc,Sing,True,145
733,בנאים,בנאי,Masc,Plur,True,230
734,בנות,בת,Fem,Plur,True,15510
735,בנותי,בת,Fem,Plur,True,1589
736,בני,בן,Masc,Plur,True,93497
737,בנים,בן,Masc,Plur,True,13174
753,בעל,בעל,Masc,Sing,True,59333
757,בעלותי,בעל,Masc,Plur,True,2
758,בעלי,בעל,Masc,Plur,True,68339
759,בעלים,בעלים,Masc,Plur,True,4997
760,בעלים,בעלים,Masc,Sing,True,268
761,בעלת,בעל,Fem,Sing,True,12875
787,בקר,בקר,Masc,Sing,True,4949
788,בקרי,בקר,Masc,Plur,True,413
789,בקרי,בקר,Masc,Sing,True,15
790,בקרים,בקר,Fem,Sing,True,2
791,בקרים,בקר,Masc,Plur,True,506
792,בקרים,בקר,Masc,Sing,True,2
802,ברבור,ברבור,Masc,Sing,True,533
803,ברבורים,ברבור,Masc,Plur,True,211
821,ברך,ברך,Fem,Sing,True,160
822,ברך,ברך,Masc,Sing,True,1141
823,ברכ,ברך,Fem,Sing,True,85
824,ברכ,ברך,Masc,Sing,True,500
829,ברכי,ברך,Fem,Plur,True,17
830,ברכי,ברך,Masc,Plur,True,329
831,ברכי,ברך,Masc,Sing,True,34
832,ברכים,ברך,Masc,Plur,True,5
845,בת,בת,Fem,Sing,True,75576
846,בת,בת,Masc,Sing,True,6
847,בתולה,בתולה,Fem,Sing,True,957
848,בתולות,בתולה,Fem,Plur,True,137
849,בתולי,בתולים,Masc,Plur,True,14
850,בתולים,בתולים,Masc,Plur,True,162
852,בתולת,בתולה,Fem,Sing,True,50
854,בתי,בת,Masc,Sing,True,4
856,ג'וק,ג'וק,Masc,Sing,True,32
857,ג'וקים,ג'וק,Masc,Plur,True,20
858,ג'ירף,ג'ירף,Masc,Sing,True,198
859,ג'ירפה,ג'ירפה,Fem,Sing,True,90
860,ג'ירפות,ג'ירפה,Fem,Plur,True,127
861,ג'ירפי,ג'ירף,Masc,Sing,True,5
862,ג'ירפים,ג'ירף,Masc,Plur,True,13
915,גבר,גבר,Masc,Sing,True,7044
916,גברה,גבר,Fem,Sing,True,313
919,גבריים,גבר,Masc,Plur,True,2
920,גברים,גבר,Masc,Plur,True,26380
921,גברת,גברת,Fem,Sing,True,4025
935,גדי,גדי,Masc,Plur,True,526
936,גדי,גדי,Masc,Sing,True,419
948,גואל,גואל,Masc,Sing,True,263
949,גואלי,גואל,Masc,Plur,True,52
950,גואלים,גואל,Masc,Plur,True,7
952,גובר,גבר,Masc,Sing,True,18
953,גוזל,גוזל,Masc,Sing,True,166
954,גוזלי,גוזל,Masc,Plur,True,116
955,גוזלים,גוזל,Masc,Plur,True,681
957,גולה,גולה,Fem,Sing,True,714
958,גולה,גולה,Masc,Sing,True,608
983,גור,גור,Masc,Sing,True,2326
1001,גחון,גחון,Masc,Sing,True,702
1002,גחונ,גחון,Masc,Sing,True,63
1003,גחונו,גחון,Masc,Sing,True,4
1047,גלם,גלם,Masc,Sing,True,2498
1048,גלמי,גלם,Masc,Plur,True,11
1049,גלמים,גלם,Masc,Plur,True,124
1059,גמד,גמד,Masc,Sing,True,372
1060,גמדי,גמד,Masc,Plur,True,127
1061,גמדי,גמד,Masc,Sing,True,2
1062,גמדים,גמד,Masc,Plur,True,1075
1063,גמל,גמל,Masc,Sing,True,1291
1064,גמלה,גמל,Fem,Sing,True,191
1065,גמלי,גמל,Masc,Plur,True,105
1066,גמליים,גמל,Masc,Plur,True,67
1067,גמלים,גמל,Masc,Plur,True,772
1075,גנדרן,גנדרן,Masc,Sing,True,4
1097,גרוש,גרוש,Masc,Sing,True,693
1098,גרושה,גרוש,Fem,Sing,True,254
1099,גרושות,גרוש,Fem,Plur,True,11
1100,גרושי,גרוש,Masc,Plur,True,3
1101,גרושים,גרוש,Masc,Plur,True,78
1142,דב,דב,Masc,Sing,True,2
1143,דבור,דבור,Masc,Sing,True,341
1144,דבורי,דבור,Masc,Plur,True,143
1145,דבוריים,דבור,Masc,Plur,True,7
1146,דבורים,דבור,Fem,Plur,True,454
1147,דבורים,דבור,Masc,Plur,True,1260
1148,דבי,דב,Masc,Plur,True,7
1149,דבי,דב,Masc,Sing,True,3
1152,דברי,דב,Masc,Plur,True,19
1161,דגיג,דגיג,Masc,Sing,True,4
1162,דגיגי,דגיג,Masc,Plur,True,29
1163,דגיגים,דגיג,Masc,Plur,True,109
1170,דובר,דובר,Masc,Sing,True,5628
1172,דוברות,דובר,Fem,Plur,True,1462
1173,דוברות,דובר,Fem,Sing,True,140
1174,דוברותי,דובר,Masc,Plur,True,2
1175,דוברי,דובר,Masc,Plur,True,3780
1176,דוברים,דובר,Masc,Plur,True,1313
1177,דוברת,דובר,Fem,Sing,True,1290
1183,דולק,דלק,Masc,Sing,True,5
1221,דיג,דיג,Masc,Sing,True,3733
1222,דיגים,דיג,Masc,Plur,True,9
1253,דיר,דיר,Masc,Sing,True,406
1258,דירי,דיר,Masc,Plur,True,124
1259,דירי,דיר,Masc,Sing,True,2
1260,דירים,דיר,Masc,Plur,True,73
1265,דישון,דישון,Masc,Sing,True,268
1266,דישונים,דישון,Masc,Plur,True,22
1278,דלק,דלק,Masc,Sing,True,9634
1279,דלקי,דלק,Masc,Plur,True,55
1280,דלקים,דלק,Masc,Plur,True,570
1345,האדם,האדם,Masc,Sing,True,2
1369,הבן,הבן,Masc,Sing,True,6
1370,הבני,הבן,Masc,Plur,True,32
1371,הבני,הבן,Masc,Sing,True,3
1430,הולכים,הלך,Masc,Plur,True,7
1431,הולכת,הלך,Fem,Sing,True,166
1456,הורה,הורה,Masc,Sing,True,1147
1457,הורות,הורה,Fem,Sing,True,1158
1458,הורי,הורה,Masc,Plur,True,10251
1459,הורים,הורה,Masc,Plur,True,6966
1461,הורת,הורה,Fem,Sing,True,14
1560,הלך,הלך,Masc,Sing,True,2735
1561,הלכ,הלך,Masc,Sing,True,7
1562,הלכו,הלך,Masc,Plur,True,2
1563,הלכי,הלך,Masc,Plur,True,689
1564,הלכים,הלך,Masc,Plur,True,63
1804,הרוג,הרוג,Masc,Sing,True,165
1805,הרוגי,הרוג,Masc,Plur,True,41
1806,הרוגים,הרוג,Masc,Plur,True,2851
1884,השקעה,השקעה,Fem,Sing,True,4495
1885,השקעות,השקעה,Fem,Plur,True,6654
1886,השקעותי,השקעה,Fem,Plur,True,206
1887,השקעת,השקעה,Fem,Sing,True,797
1917,התגלמויות,התגלמות,Fem,Plur,True,37
1918,התגלמות,התגלמות,Fem,Sing,True,731
2000,ווירוס,וירוס,Masc,Sing,True,693
2001,ווירוסים,וירוס,Masc,Plur,True,153
2020,וירוס,וירוס,Masc,Sing,True,673
2033,זאב,זאב,Masc,Sing,True,2849
2034,זאבי,זאב,Masc,Plur,True,76
2035,זאבים,זאב,Masc,Plur,True,1104
2036,זאטוטים,זאטוט,Masc,Plur,True,2
2039,זבנית,זבנית,Fem,Sing,True,10
2051,זונה,זונה,Fem,Sing,True,629
2052,זונה,זונה,Masc,Sing,True,6
2053,זונות,זונה,Fem,Plur,True,709
2054,זונות,זונה,Masc,Plur,True,22
2055,זונים,זונה,Masc,Plur,True,3
2056,זונת,זונה,Fem,Sing,True,43
2061,זחל,זחל,Masc,Sing,True,749
2062,זחלי,זחל,Masc,Plur,True,283
2063,זחלי,זחל,Masc,Sing,True,20
2064,זחליים,זחל,Masc,Plur,True,5
2065,זחלים,זחל,Masc,Plur,True,902
2107,זפק,זפק,Masc,Sing,True,126
2111,זר,זר,Masc,Sing,True,1612
2112,זרה,זר,Fem,Sing,True,63
2114,זרז,זרז,Masc,Sing,True,559
2115,זרזי,זרז,Masc,Plur,True,5
2116,זרזים,זרז,Masc,Plur,True,154
2117,זרזיר,זרזיר,Masc,Sing,True,92
2118,זרזיריים,זרזיר,Masc,Plur,True,19
2119,זרזירים,זרזיר,Masc,Plur,True,25
2122,זרים,זר,Masc,Plur,True,2887
2156,חבלן,חבלן,Masc,Sing,True,168
2157,חבלני,חבלן,Masc,Plur,True,75
2158,חבלנים,חבלן,Masc,Plur,True,236
2160,חבר,חבר,Masc,Sing,True,73753
2163,חברו,חבר,Masc,Plur,True,317
2164,חברו,חבר,Masc,Sing,True,538
2177,חברי,חבר,Masc,Plur,True,81490
2179,חבריי,חבר,Masc,Plur,True,80
2180,חברים,חבר,Masc,Plur,True,21094
2182,חגב,חגב,Masc,Sing,True,70
2183,חגביים,חגב,Masc,Plur,True,2
2184,חגבים,חגב,Masc,Plur,True,217
2215,חוה,חוה,Fem,Sing,True,51
2216,חוה,חוה,Masc,Sing,True,59
2218,חוטא,חטא,Masc,Sing,True,176
2219,חוטאים,חוטא,Masc,Plur,True,183
2222,חוטפ,חוטף,Masc,Sing,True,15
2223,חוטפות,חוטף,Fem,Plur,True,2
2224,חוטפי,חוטף,Masc,Plur,True,129
2225,חוטפים,חוטף,Masc,Plur,True,789
2226,חוטפת,חוטף,Fem,Sing,True,4
2234,חוקר,חוקר,Masc,Sing,True,12617
2235,חוקרה,חוקר,Fem,Sing,True,2
2236,חוקרות,חוקר,Fem,Plur,True,326
2237,חוקרי,חוקר,Masc,Plur,True,6051
2238,חוקרים,חוקר,Masc,Plur,True,18346
2239,חוקרת,חוקר,Fem,Sing,True,1760
2241,חושב,חשב,Masc,Sing,True,63
2242,חושבים,חשב,Masc,Plur,True,3
2249,חות,חוה,Masc,Plur,True,2
2250,חות,חוה,Masc,Sing,True,2
2251,חזאי,חזאי,Masc,Sing,True,72
2252,חזאים,חזאי,Masc,Plur,True,22
2259,חזירה,חזירה,Fem,Sing,True,601
2260,חזירות,חזירה,Fem,Plur,True,22
2261,חזירית,חזירה,Fem,Sing,True,2
2262,חזירת,חזירה,Fem,Sing,True,29
2268,חט,חט,Masc,Sing,True,39
2269,חטא,חטא,Masc,Sing,True,2502
2270,חטאי,חטא,Masc,Plur,True,656
2271,חטאי,חטא,Masc,Sing,True,2
2272,חטאים,חטא,Masc,Plur,True,756
2274,חטי,חט,Masc,Plur,True,45
2275,חטי,חט,Masc,Sing,True,6
2280,חטים,חט,Masc,Plur,True,175
2299,חיט,חיט,Masc,Sing,True,2
2300,חיטים,חיט,Fem,Plur,True,62
2301,חיטים,חיט,Masc,Plur,True,63
2302,חיטים,חיט,Masc,Sing,True,2
2340,חלוץ,חלוץ,Masc,Sing,True,6117
2341,חלוצ,חלוץ,Masc,Sing,True,8
2342,חלוצי,חלוץ,Masc,Plur,True,2749
2343,חלוצי,חלוץ,Masc,Sing,True,34
2344,חלוצים,חלוץ,Masc,Plur,True,1580
2352,חלמון,חלמון,Masc,Sing,True,198
2353,חלמוני,חלמון,Masc,Plur,True,8
2354,חלמוני,חלמון,Masc,Sing,True,2
2355,חלמונים,חלמון,Masc,Plur,True,48
2444,חסידה,חסידה,Fem,Sing,True,303
2445,חסידות,חסידה,Fem,Plur,True,63
2446,חסידות,חסידה,Fem,Sing,True,5493
2447,חסידת,חסידה,Fem,Sing,True,341
2496,חרגול,חרגול,Masc,Sing,True,117
2497,חרגוליים,חרגול,Masc,Plur,True,9
2498,חרגולים,חרגול,Masc,Plur,True,25
2509,חרוטים,חרט,Masc,Plur,True,138
2510,חרט,חרט,Masc,Sing,True,277
2511,חרטים,חרט,Masc,Plur,True,54
2535,חשב,חשב,Masc,Sing,True,4102
2536,חשבה,חשב,Fem,Sing,True,446
2545,חשבותי,חשב,Fem,Plur,True,319
2546,חשבותי,חשב,Fem,Sing,True,73
2547,חשבותי,חשב,Masc,Plur,True,100
2548,חשבותי,חשב,Masc,Sing,True,44
2549,חשבי,חשב,Masc,Plur,True,364
2550,חשבים,חשב,Masc,Plur,True,37
2561,חשפן,חשפן,Masc,Sing,True,32
2562,חשפנים,חשפן,Masc,Plur,True,2
2570,חתול,חתול,Masc,Sing,True,3653
2571,חתולי,חתול,Masc,Plur,True,462
2572,חתום,חתום,Masc,Sing,True,57
2573,חתומות,חתם,Fem,Plur,True,7
2574,חתומי,חתום,Masc,Plur,True,8
2575,חתומים,חתום,Masc,Plur,True,49
2582,חתלתול,חתלתול,Masc,Sing,True,34
2583,חתלתולים,חתלתול,Masc,Plur,True,30
2584,חתם,חתם,Masc,Sing,True,100
2585,חתמה,חתם,Fem,Sing,True,15
2586,חתמי,חתם,Masc,Plur,True,2
2587,חתמים,חתם,Masc,Plur,True,20
2588,חתן,חתן,Masc,Sing,True,5996
2592,חתני,חתן,Masc,Plur,True,677
2593,חתנים,חתן,Masc,Plur,True,188
2608,טוראי,טוראי,Masc,Sing,True,408
2667,טפיל,טפיל,Masc,Sing,True,538
2668,טפילי,טפיל,Masc,Plur,True,78
2669,טפילים,טפיל,Masc,Plur,True,653
2679,טרף,טרף,Masc,Sing,True,3012
2680,טרפ,טרף,Masc,Sing,True,384
2681,טרפי,טרף,Masc,Plur,True,5
2724,יהודי,יהודי,Masc,Plur,True,13376
2725,יהודי,יהודי,Masc,Sing,True,19137
2726,יהודיה,יהודיה,Fem,Sing,True,279
2727,יהודיות,יהודי,Fem,Plur,True,264
2728,יהודייה,יהודי,Fem,Sing,True,508
2729,יהודיים,יהודי,Masc,Plur,True,17
2730,יהודים,יהודי,Masc,Plur,True,82882
2731,יהודית,יהודי,Fem,Sing,True,3
2733,"יו""ר","יו""ר",Masc,Sing,True,16578
2734,"יו""רי","יו""ר",Masc,Plur,True,8
2735,"יו""רים","יו""ר",Masc,Plur,True,12
2737,יוזם,יוזם,Masc,Sing,True,587
2738,יוזמ,יוזם,Masc,Sing,True,8
2739,יוזמי,יוזם,Masc,Plur,True,425
2740,יוזמים,יזם,Masc,Plur,True,142
2748,יונה,יונה,Fem,Sing,True,2
2749,יונה,יונה,Masc,Sing,True,6
2753,יונים,יונה,Fem,Plur,True,91
2754,יונים,יונה,Masc,Plur,True,2364
2755,יונים,יונה,Masc,Sing,True,7
2757,יועץ,יועץ,Masc,Sing,True,10535
2758,יועצ,יועץ,Masc,Sing,True,566
2759,יועצי,יועץ,Masc,Plur,True,858
2760,יועצים,יועץ,Masc,Plur,True,1849
2761,יועצת,יועץ,Fem,Sing,True,1668
2762,יוצר,יוצר,Masc,Plur,True,30
2763,יוצר,יוצר,Masc,Sing,True,7102
2764,יוצרו,יוצר,Masc,Sing,True,5
2765,יוצרי,יוצר,Masc,Plur,True,2304
2766,יוצרים,יוצר,Masc,Plur,True,6681
2768,יזם,יזם,Masc,Sing,True,1257
2769,יזמה,יזם,Fem,Sing,True,123
2772,יזמי,יזם,Masc,Plur,True,218
2773,יזמי,יזם,Masc,Sing,True,3
2774,יזמים,יזם,Masc,Plur,True,1460
2792,יחשוב,חשב,Masc,Sing,True,23
2797,ילד,ילד,Masc,Sing,True,19363
2798,ילדה,ילד,Fem,Sing,True,5165
2799,ילדון,ילדון,Masc,Sing,True,4
2800,ילדונת,ילדון,Fem,Sing,True,5
2801,ילדות,ילד,Fem,Plur,True,3028
2802,ילדות,ילד,Fem,Sing,True,11819
2803,ילדות,ילדון,Fem,Plur,True,4
2804,ילדות,ילדון,Fem,Sing,True,11
2805,ילדות,ילדון,Masc,Plur,True,2
2807,ילדותי,ילד,Fem,Plur,True,2
2808,ילדותי,ילד,Fem,Sing,True,2
2809,ילדותי,ילד,Masc,Plur,True,5
2810,ילדותי,ילד,Masc,Sing,True,25
2811,ילדי,ילד,Masc,Plur,True,13273
2812,ילדי,ילד,Masc,Sing,True,3
2813,ילדיי,ילד,Masc,Plur,True,37
2814,ילדיכ,ילד,Masc,Sing,True,4
2815,ילדים,ילד,Masc,Plur,True,76144
2816,ילדת,ילד,Fem,Sing,True,506
2817,ילוד,ילוד,Masc,Sing,True,177
2818,ילודים,ילוד,Masc,Plur,True,207
2819,יליד,יליד,Masc,Sing,True,5545
2820,ילידי,יליד,Masc,Plur,True,18019
2821,ילידים,יליד,Fem,Plur,True,4
2822,ילידים,יליד,Masc,Plur,True,2524
2823,ילך,הלך,Masc,Sing,True,3
2831,ימאי,ימאי,Masc,Sing,True,392
2832,ימאיים,ימאי,Masc,Plur,True,2
2833,ימאים,ימאי,Masc,Plur,True,849
2847,ינשוף,ינשוף,Masc,Sing,True,544
2848,ינשופי,ינשוף,Masc,Plur,True,10
2849,ינשופי,ינשוף,Masc,Sing,True,2
2850,ינשופים,ינשוף,Masc,Plur,True,154
2854,יעבוד,עבד,Masc,Sing,True,4
2865,יען,יען,Fem,Sing,True,2
2866,יען,יען,Masc,Sing,True,146
2867,יענה,יען,Masc,Sing,True,2
2868,יעניים,יען,Masc,Plur,True,2
2869,יענים,יען,Fem,Plur,True,3
2870,יענים,יען,Masc,Plur,True,120
2871,יערן,יערן,Masc,Sing,True,24
2873,יערני,יערן,Masc,Plur,True,3
2874,יערני,יערן,Masc,Sing,True,2
2875,יערנים,יערן,Masc,Plur,True,49
2878,יצואן,יצואן,Masc,Sing,True,64
2879,יצואני,יצואן,Masc,Plur,True,14
2880,יצואנים,יצואן,Masc,Plur,True,91
2891,יצרן,יצרן,Masc,Sing,True,2768
2892,יצרני,יצרן,Masc,Plur,True,2068
2893,יצרני,יצרן,Masc,Sing,True,2
2894,יצרנים,יצרן,Masc,Plur,True,1773
2895,יצרנית,יצרן,Fem,Sing,True,3867
2896,יקיר,יקיר,Masc,Sing,True,801
2897,יקירי,יקיר,Fem,Plur,True,2
2898,יקירי,יקיר,Masc,Plur,True,491
2899,יקירי,יקיר,Masc,Sing,True,2
2900,יקירים,יקיר,Masc,Plur,True,2
2904,ירבוע,ירבוע,Masc,Sing,True,105
2905,ירבועי,ירבוע,Masc,Plur,True,2
2906,ירבועים,ירבוע,Masc,Plur,True,9
2911,יריב,יריב,Masc,Sing,True,5277
2912,יריבי,יריב,Masc,Plur,True,1654
2913,יריבים,יריב,Masc,Plur,True,1221
2923,ירקן,ירקן,Masc,Sing,True,385
2924,ירקנים,ירקן,Masc,Plur,True,15
2931,ישוע,ישוע,Masc,Sing,True,15
2932,ישועות,ישוע,Fem,Plur,True,92
2933,ישועיים,ישוע,Masc,Plur,True,4
2934,ישיבה,ישיבה,Fem,Sing,True,22684
2935,ישיבות,ישיבה,Fem,Plur,True,7258
2936,ישיבות,ישיבה,Masc,Plur,True,9
2937,ישיבותי,ישיבה,Fem,Plur,True,123
2938,ישיבותי,ישיבה,Masc,Plur,True,19
2939,ישיבת,ישיבה,Fem,Sing,True,21448
2940,ישיבתי,ישיבה,Masc,Sing,True,2
2946,ישראלי,ישראלי,Masc,Sing,True,913
2947,ישראליות,ישראלי,Fem,Plur,True,1309
2948,ישראליות,ישראלי,Fem,Sing,True,75
2949,ישראליים,ישראלי,Masc,Plur,True,2
2950,ישראלים,ישראלי,Masc,Plur,True,20712
2951,ישראלית,ישראלי,Fem,Sing,True,120
2955,יתום,יתום,Masc,Sing,True,310
2956,יתומה,יתום,Fem,Sing,True,75
2957,יתומות,יתום,Fem,Plur,True,236
2958,יתומות,יתום,Fem,Sing,True,2
2959,יתומות,יתום,Masc,Plur,True,4
2960,יתומי,יתום,Masc,Plur,True,160
2961,יתומים,יתום,Masc,Plur,True,2632
2962,יתוש,יתוש,Masc,Sing,True,193
2963,יתושים,יתוש,Masc,Plur,True,545
2973,כאוס,כאוס,Masc,Sing,True,1180
2989,כבש,כבש,Masc,Sing,True,1022
2990,כבשה,כבש,Fem,Sing,True,235
2991,כבשי,כבש,Masc,Plur,True,72
2992,כבשים,כבש,Fem,Plur,True,40
2993,כבשים,כבש,Masc,Plur,True,1550
2994,כבשת,כבשה,Fem,Sing,True,42
3015,כובש,כובש,Masc,Sing,True,969
3016,כובשי,כובש,Masc,Plur,True,193
3017,כובשים,כובש,Masc,Plur,True,861
3018,כוורנים,כורן,Masc,Plur,True,4
3039,כורה,כורה,Fem,Sing,True,3883
3040,כורה,כורה,Masc,Sing,True,695
3041,כורי,כורה,Masc,Plur,True,266
3042,כורך,כורך,Masc,Sing,True,74
3043,כורכי,כורך,Masc,Plur,True,3
3046,כושי,כושי,Masc,Sing,True,188
3047,כותבת,כתב,Fem,Sing,True,294
3062,כיס,כיס,Masc,Sing,True,3352
3063,כיסים,כיס,Masc,Plur,True,251
3068,כלאי,כלאי,Masc,Plur,True,72
3069,כלאי,כלאי,Masc,Sing,True,71
3070,כלאיים,כלאי,Masc,Plur,True,657
3071,כלאיים,כלאי,Masc,Sing,True,127
3073,כלבה,כלבה,Fem,Sing,True,369
3074,כלבה,כלבה,Masc,Sing,True,21
3075,כלבות,כלבה,Fem,Plur,True,22
3076,כלבת,כלבה,Fem,Sing,True,422
3077,כלה,כלה,Fem,Sing,True,1962
3078,כלה,כלה,Masc,Sing,True,48
3080,כלות,כלה,Fem,Plur,True,359
3081,כלות,כלה,Fem,Sing,True,6
3098,כלכלן,כלכלן,Masc,Sing,True,1486
3099,כלכלני,כלכלן,Masc,Plur,True,52
3100,כלכלנים,כלכלן,Masc,Plur,True,1124
3102,כלת,כלה,Fem,Sing,True,961
3163,כפור,כפור,Masc,Sing,True,323
3202,כרוז,כרוז,Masc,Sing,True,611
3203,כרוזי,כרוז,Masc,Plur,True,32
3204,כרוזים,כרוז,Masc,Plur,True,382
3205,כרוכיה,כרוכיה,Fem,Sing,True,4
3206,כרוכיה,כרוכיה,Masc,Sing,True,2
3218,כריש,כריש,Masc,Sing,True,1373
3219,כרישי,כריש,Masc,Plur,True,109
3220,כרישיים,כריש,Masc,Plur,True,46
3221,כרישים,כריש,Masc,Plur,True,972
3229,כשים,איש,Masc,Plur,True,27
3236,כתב,כתב,Masc,Sing,True,37026
3237,כתבי,כתב,Masc,Plur,True,23132
3238,כתביי,כתב,Masc,Plur,True,2
3239,כתבים,כתב,Masc,Plur,True,4934
3240,כתבנית,כתבנית,Fem,Sing,True,8
3243,כתוב,כתב,Masc,Sing,True,702
3261,לאווים,לווה,Masc,Plur,True,2
3275,לביאה,לביאה,Fem,Sing,True,50
3276,לביאת,לביאה,Fem,Sing,True,22
3284,לבנה,לבנה,Fem,Sing,True,374
3285,לבנה,לבנה,Masc,Sing,True,2
3286,לבנו,לבנה,Masc,Plur,True,2
3287,לבני,לבנה,Masc,Plur,True,2041
3288,לבני,לבנה,Masc,Sing,True,29
3290,לבנים,לבנה,Fem,Plur,True,63
3291,לבנים,לבנה,Masc,Plur,True,2141
3292,לבנים,לבנה,Masc,Sing,True,9
3306,לוו,לווה,Masc,Plur,True,6
3307,לווה,לווה,Masc,Sing,True,459
3308,לווים,לווה,Masc,Plur,True,225
3313,לוט,לוט,Masc,Sing,True,339
3314,לוטות,לוט,Fem,Plur,True,150
3315,לויתן,לויתן,Masc,Sing,True,4
3340,לטאה,לטאה,Fem,Sing,True,507
3341,לטאה,לטאה,Masc,Sing,True,3
3342,לטאת,לטאה,Fem,Sing,True,183
3358,ליל,ליל,Masc,Sing,True,6994
3359,לילה,לילה,Masc,Sing,True,18063
3360,לילות,לילה,Masc,Plur,True,1499
3361,לילותי,לילה,Masc,Plur,True,28
3362,לילים,לילה,Masc,Plur,True,8
3371,לך,הלך,Masc,Sing,True,262
3384,לץ,לץ,Masc,Sing,True,16
3385,לצ,לץ,Masc,Sing,True,15
3386,לצה,לץ,Fem,Sing,True,2
3387,לצים,לץ,Masc,Plur,True,2
3388,לקוח,לקוח,Masc,Sing,True,2783
3389,לקוחה,לקוח,Fem,Sing,True,138
3390,לקוחות,לקוח,Masc,Plur,True,5230
3391,לקוחותי,לקוח,Masc,Plur,True,1152
3392,לקוחת,לקוח,Fem,Sing,True,3
3401,לרכב,רכב,Masc,Sing,True,18
3403,לתקן,תיקן,Masc,Sing,True,4
3407,מאבן,מאבן,Fem,Plur,True,4
3408,מאבן,מאבן,Fem,Sing,True,689
3409,מאבן,מאבן,Masc,Plur,True,13
3410,מאבן,מאבן,Masc,Sing,True,557
3411,מאבני,מאבן,Fem,Plur,True,462
3412,מאבני,מאבן,Masc,Plur,True,20
3413,מאבנים,מאבן,Fem,Plur,True,71
3414,מאבנים,מאבן,Masc,Plur,True,230
3419,מאהב,מאהב,Masc,Sing,True,680
3420,מאהבי,מאהב,Masc,Plur,True,57
3421,מאהבים,מאהב,Masc,Plur,True,152
3441,מאלף,מאלף,Masc,Sing,True,46
3442,מאלפוי,מאלף,Masc,Sing,True,3
3443,מאלפים,מאלף,Masc,Plur,True,8
3444,מאמן,מאמן,Masc,Sing,True,20624
3445,מאמנ,מאמן,Masc,Sing,True,111
3446,מאמנותי,מאמן,Fem,Plur,True,5
3447,מאמני,מאמן,Masc,Plur,True,5617
3448,מאמנים,מאמן,Masc,Plur,True,1838
3459,מאצ'ו,מאצ'ו,Masc,Sing,True,7
3489,מבצע,מבצע,Masc,Sing,True,29694
3490,מבצעות,מבצע,Fem,Plur,True,11
3491,מבצעי,מבצע,Masc,Plur,True,1996
3492,מבצעי,מבצע,Masc,Sing,True,59
3493,מבצעים,מבצע,Masc,Plur,True,6621
3494,מבצעת,מבצע,Fem,Sing,True,81
3512,מגדל,מגדל,Masc,Sing,True,12057
3515,מגדלי,מגדל,Masc,Plur,True,2495
3516,מגדלים,מגדל,Masc,Plur,True,2531
3557,מגרש,מגרש,Masc,Sing,True,6993
3558,מגרשי,מגרש,Masc,Plur,True,900
3559,מגרשים,מגרש,Masc,Plur,True,1397
3599,מדם,מדם,Masc,Sing,True,19
3600,מדמי,מדם,Masc,Plur,True,157
3608,מדען,מדען,Masc,Sing,True,3673
3609,מדעני,מדען,Masc,Plur,True,765
3610,מדענים,מדען,Masc,Plur,True,6058
3611,מדענית,מדען,Fem,Sing,True,496
3643,מהפנט,מהפנט,Masc,Sing,True,24
3649,מוך,מוך,Masc,Sing,True,109
3650,מוכר,מוכר,Masc,Sing,True,1264
3651,מוכרות,מוכר,Fem,Plur,True,17
3652,מוכרות,מוכר,Fem,Sing,True,2
3653,מוכרי,מכר,Masc,Plur,True,255
3654,מוכרים,מוכר,Masc,Plur,True,302
3655,מוכרת,מוכר,Fem,Sing,True,86
3687,מוקיון,מוקיון,Masc,Sing,True,15
3688,מוקיונים,מוקיון,Masc,Plur,True,13
3701,מושיע,מושיע,Masc,Sing,True,172
3702,מושיעים,מושיע,Masc,Plur,True,21
3711,מזכיר,מזכיר,Masc,Sing,True,13433
3712,מזכירי,מזכיר,Masc,Plur,True,713
3743,מחבר,מחבר,Masc,Sing,True,8947
3744,מחברי,מחבר,Masc,Plur,True,761
3745,מחברים,מחבר,Masc,Plur,True,1578
3746,מחברת,מחברת,Fem,Sing,True,2
3755,מחוקק,מחוקק,Masc,Sing,True,1222
3756,מחוקקות,מחוקק,Fem,Plur,True,3
3757,מחוקקי,מחוקק,Masc,Plur,True,34
3758,מחוקקים,מחוקק,Masc,Plur,True,3666
3759,מחוקקת,מחוקק,Fem,Sing,True,56
3763,מחזאי,מחזאי,Masc,Plur,True,12
3764,מחזאי,מחזאי,Masc,Sing,True,3104
3771,מחזר,מחזר,Masc,Sing,True,299
3772,מחזרי,מחזר,Masc,Plur,True,22
3773,מחזרים,מחזר,Masc,Plur,True,190
3815,מחצצר,מחצצר,Masc,Sing,True,17
3826,מחשב,מחשב,Masc,Sing,True,14443
3835,מחשבי,מחשב,Masc,Plur,True,1162
3836,מחשבים,מחשב,Masc,Plur,True,7906
3837,מחשבים,מחשב,Masc,Sing,True,48
3859,מטול,מטול,Masc,Sing,True,325
3864,מטיף,מטיף,Masc,Sing,True,377
3865,מטיפי,מטיף,Masc,Plur,True,8
3866,מטיפים,מטיף,Masc,Plur,True,181
3871,מטען,מטען,Masc,Sing,True,7465
3872,מטענ,מטען,Masc,Sing,True,81
3873,מטעני,מטען,Masc,Plur,True,809
3874,מטענים,מטען,Masc,Plur,True,2046
3877,מטפס,מטפס,Masc,Sing,True,164
3878,מטפסות,מטפס,Fem,Plur,True,6
3879,מטפסי,מטפס,Masc,Plur,True,218
3880,מטפסים,מטפס,Masc,Plur,True,439
3901,מידע,מידע,Masc,Sing,True,45723
3902,מידעים,מידע,Masc,Plur,True,2
3912,מיוצרים,יוצר,Masc,Plur,True,4
3914,מיטיב,מיטיב,Masc,Sing,True,102
3915,מיטיבי,מיטיב,Masc,Plur,True,4
3916,מיטיבים,מיטיב,Masc,Plur,True,8
3936,מינהל,מנהל,Masc,Sing,True,5415
3937,מינהלים,מנהל,Masc,Plur,True,15
3938,מינהלת,מנהל,Fem,Sing,True,199
3945,מיסד,מיסד,Masc,Sing,True,54
3951,מיפקד,מפקד,Masc,Sing,True,26
3952,מיפקדת,מפקד,Fem,Sing,True,10
3961,מיתקני,מתקן,Masc,Plur,True,9
3962,מיתרגמים,מתרגם,Masc,Plur,True,2
3984,מכליות,מכלית,Fem,Plur,True,495
3985,מכלית,מכלית,Fem,Sing,True,644
3989,מכנס,מכנס,Masc,Sing,True,125
3990,מכנסים,מכנס,Masc,Plur,True,44
3999,מכר,מכר,Masc,Sing,True,2293
4007,מכרי,מכר,Masc,Plur,True,416
4008,מכרים,מכר,Masc,Plur,True,370
4009,מכרסם,מכרסם,Masc,Sing,True,137
4010,מכרסמי,מכרסם,Masc,Plur,True,10
4016,מכתב,מכתב,Masc,Sing,True,11143
4019,מכתבי,מכתב,Masc,Plur,True,3888
4020,מכתביה,מכתב,Fem,Sing,True,23
4021,מכתבים,מכתב,Masc,Plur,True,6245
4056,מלח,מלח,Masc,Sing,True,6219
4057,מלחה,מלח,Fem,Sing,True,121
4058,מלחי,מלח,Masc,Plur,True,480
4059,מלחי,מלח,Masc,Sing,True,23
4060,מלחים,מלח,Masc,Plur,True,2086
4061,מלחין,מלחין,Masc,Sing,True,11173
4062,מלחיני,מלחין,Masc,Plur,True,724
4063,מלחינים,מלחין,Masc,Plur,True,6031
4064,מלחינת,מלחין,Fem,Sing,True,25
4077,מלך,מלך,Masc,Sing,True,67864
4078,מלכ,מלך,Masc,Sing,True,353
4079,מלכה,מלך,Fem,Sing,True,9258
4080,מלכי,מלך,Masc,Plur,True,4872
4081,מלכי,מלך,Masc,Sing,True,2
4082,מלכים,מלך,Masc,Plur,True,5601
4083,מלכת,מלך,Fem,Sing,True,5555
4084,מלמד,מלמד,Masc,Sing,True,2
4085,מלמדי,מלמד,Masc,Plur,True,57
4086,מלמדי,מלמד,Masc,Sing,True,2
4087,מלצר,מלצר,Masc,Sing,True,203
4088,מלצרי,מלצר,Masc,Plur,True,2
4089,מלצרים,מלצר,Masc,Plur,True,149
4090,מלצרית,מלצרית,Fem,Sing,True,450
4098,ממחה,ממחה,Fem,Sing,True,2
4099,ממחה,ממחה,Masc,Sing,True,20
4123,מנגן,מנגן,Masc,Sing,True,4
4124,מנגני,מנגן,Masc,Plur,True,125
4131,מנהל,מנהל,Masc,Sing,True,39129
4132,מנהלה,מנהל,Masc,Sing,True,6
4133,מנהלות,מנהל,Fem,Plur,True,308
4134,מנהלי,מנהל,Masc,Plur,True,3986
4135,מנהלי,מנהל,Masc,Sing,True,42
4136,מנהלים,מנהל,Masc,Plur,True,4616
4137,מנהלת,מנהל,Fem,Sing,True,6762
4139,מנוי,מנוי,Masc,Sing,True,585
4140,מנויי,מנוי,Masc,Plur,True,255
4141,מנויים,מנוי,Masc,Plur,True,1516
4170,"מנכ""ל","מנכ""ל",Masc,Sing,True,11380
4171,"מנכ""לי","מנכ""ל",Masc,Plur,True,708
4172,"מנכ""לי","מנכ""ל",Masc,Sing,True,3
4173,"מנכ""לים","מנכ""ל",Masc,Plur,True,939
4174,מנכל,"מנכ""ל",Masc,Sing,True,18
4199,מסופר,סופר,Masc,Sing,True,2
4285,מעובד,עובד,Masc,Sing,True,20
4313,מעמד,מעמד,Masc,Sing,True,40714
4315,מעמדי,מעמד,Masc,Plur,True,40
4316,מעמדי,מעמד,Masc,Sing,True,20
4317,מעמדים,מעמד,Masc,Plur,True,84
4328,מענק,מענק,Masc,Sing,True,1816
4329,מענקי,מענק,Masc,Plur,True,394
4330,מענקים,מענק,Masc,Plur,True,880
4345,מעריכי,מעריך,Masc,Plur,True,3
4346,מעריכת,מעריך,Fem,Sing,True,12
4385,מפסידן,מפסידן,Masc,Sing,True,3
4392,מפקד,מפקד,Masc,Sing,True,46006
4393,מפקדי,מפקד,Masc,Plur,True,8397
4394,מפקדים,מפקד,Masc,Plur,True,3675
4430,מצופה,צופה,Masc,Sing,True,46
4432,מצופים,צופה,Masc,Plur,True,36
4442,מצילות,מציל,Fem,Plur,True,124
4443,מצילי,מציל,Masc,Plur,True,60
4444,מצילים,מציל,Masc,Plur,True,143
4450,מצליף,מצליף,Masc,Sing,True,112
4451,מצליפים,מצליף,Masc,Plur,True,12
4452,מצליפת,מצליף,Fem,Sing,True,6
4483,מקודם,קודם,Masc,Sing,True,48
4512,מקק,מקק,Masc,Sing,True,18
4538,מרגל,מרגל,Masc,Sing,True,1206
4539,מרגלי,מרגל,Masc,Plur,True,84
4540,מרגלים,מרגל,Masc,Plur,True,1320
4589,מרס,מרס,Masc,Sing,True,22
4599,מרצה,מרצה,Fem,Sing,True,338
4600,מרצה,מרצה,Masc,Sing,True,7123
4601,מרצות,מרצה,Fem,Plur,True,42
4608,מרשות,מרשה,Fem,Sing,True,365
4609,מרשות,מרשה,Masc,Sing,True,10
4610,מרשת,מרשה,Fem,Sing,True,543
4626,משגיח,משגיח,Masc,Sing,True,927
4627,משגיחי,משגיח,Masc,Plur,True,66
4628,משגיחים,משגיח,Masc,Plur,True,173
4641,משורר,משורר,Masc,Sing,True,11638
4642,משוררי,משורר,Masc,Plur,True,447
4643,משוררים,משורר,Masc,Plur,True,5613
4644,משוררת,משורר,Fem,Sing,True,2553
4663,משיח,משיח,Masc,Sing,True,2395
4664,משיחיים,משיח,Masc,Plur,True,9
4665,משיחים,משיח,Masc,Plur,True,46
4697,משפטן,משפטן,Masc,Sing,True,1454
4698,משפטני,משפטן,Masc,Plur,True,9
4699,משפטנים,משפטן,Masc,Plur,True,812
4711,משרתות,משרת,Fem,Plur,True,157
4712,משרתותי,משרת,Fem,Plur,True,5
4713,משרתותי,משרת,Masc,Plur,True,9
4714,משרתת,משרת,Fem,Sing,True,495
4717,משתמט,משתמט,Masc,Sing,True,7
4718,משתמטי,משתמט,Masc,Plur,True,9
4719,משתמטים,משתמט,Masc,Plur,True,53
4725,מתאבק,מתאבק,Masc,Sing,True,1814
4726,מתאבקי,מתאבק,Masc,Plur,True,477
4727,מתאבקים,מתאבק,Masc,Plur,True,1569
4732,מתופף,מתופף,Masc,Sing,True,2697
4733,מתופפי,מתופף,Masc,Plur,True,20
4749,מתעמל,מתעמל,Masc,Sing,True,347
4750,מתעמלי,מתעמל,Masc,Plur,True,2
4751,מתעמלים,מתעמל,Masc,Plur,True,211
4752,מתקן,מתקן,Masc,Sing,True,7411
4753,מתקני,מתקן,Masc,Plur,True,4357
4754,מתקנים,מתקן,Masc,Plur,True,3712
4755,מתרגם,מתרגם,Masc,Sing,True,1625
4756,מתרגמ,מתרגם,Masc,Sing,True,2
4757,מתרגמי,מתרגם,Masc,Plur,True,102
4758,מתרגמים,מתרגם,Masc,Plur,True,1804
4775,נאשם,נאשם,Masc,Sing,True,1727
4776,נאשמי,נאשם,Masc,Plur,True,64
4777,נאשמים,נאשם,Masc,Plur,True,1707
4781,נביאה,נביאה,Fem,Sing,True,108
4782,נביאת,נביאה,Fem,Sing,True,5
4785,נבל,נבל,Masc,Sing,True,2349
4786,נבלאי,נבלאי,Masc,Sing,True,7
4787,נבלאים,נבלאי,Masc,Plur,True,4
4788,נבלי,נבל,Masc,Plur,True,363
4789,נבליים,נבל,Masc,Plur,True,2
4790,נבלים,נבל,Masc,Plur,True,774
4791,נבלן,נבלן,Masc,Sing,True,8
4792,נבלני,נבלן,Masc,Plur,True,9
4793,נבלני,נבלן,Masc,Sing,True,4
4796,נגד,נגד,Masc,Sing,True,5761
4797,נגדים,נגד,Masc,Plur,True,383
4800,נגיף,נגיף,Masc,Sing,True,5754
4801,נגיפי,נגיף,Masc,Plur,True,422
4802,נגיפי,נגיף,Masc,Sing,True,41
4803,נגיפים,נגיף,Masc,Plur,True,1012
4804,נגן,נגן,Masc,Sing,True,3778
4805,נגנ,נגן,Masc,Sing,True,18
4806,נגני,נגן,Masc,Plur,True,1977
4807,נגנים,נגן,Masc,Plur,True,2677
4828,נואף,נואף,Masc,Sing,True,24
4829,נואפים,נואף,Masc,Plur,True,5
4833,נוגדת,נגד,Fem,Sing,True,2
4834,נודדים,נודד,Masc,Plur,True,78
4835,נודדת,נודד,Fem,Sing,True,6
4837,נוט,נוט,Masc,Sing,True,67
4841,נוכלים,נוכל,Masc,Plur,True,201
4848,נוצרי,נוצרי,Masc,Plur,True,3
4849,נוצרי,נוצרי,Masc,Sing,True,444
4850,נוצריות,נוצרי,Fem,Plur,True,6
4851,נוצריי,נוצרי,Masc,Plur,True,10
4852,נוצריים,נוצרי,Masc,Plur,True,4
4853,נוצרים,נוצרי,Fem,Plur,True,2
4854,נוצרים,נוצרי,Masc,Plur,True,8541
4855,נוקד,נוקד,Fem,Sing,True,3
4856,נוקדים,נוקד,Masc,Plur,True,16
4863,נושה,נושה,Fem,Sing,True,3
4864,נושה,נושה,Masc,Sing,True,214
4865,נושי,נושה,Masc,Plur,True,98
4866,נושים,נושה,Masc,Plur,True,431
4867,נות,נות,Fem,Plur,True,35
4868,נות,נות,Fem,Sing,True,37
4869,נות,נות,Masc,Plur,True,9
4870,נות,נות,Masc,Sing,True,10
4874,נזיר,נזיר,Masc,Sing,True,2634
4875,נזירה,נזירה,Fem,Sing,True,564
4876,נזירות,נזירה,Fem,Plur,True,1231
4877,נזירות,נזירה,Fem,Sing,True,81
4878,נזירות,נזירה,Masc,Plur,True,2
4879,נזירות,נזירה,Masc,Sing,True,2
4880,נזירותי,נזירה,Masc,Plur,True,3
4881,נזירי,נזיר,Masc,Plur,True,174
4882,נזירי,נזיר,Masc,Sing,True,6
4883,נזירים,נזיר,Masc,Plur,True,2981
4885,נחליאלי,נחליאלי,Masc,Sing,True,148
4886,נחליאליים,נחליאלי,Masc,Plur,True,32
4891,נחש,נחש,Masc,Plur,True,2
4892,נחש,נחש,Masc,Sing,True,3251
4893,נחשי,נחש,Masc,Plur,True,223
4894,נחשים,נחש,Masc,Plur,True,1816
4895,נחשת,נחש,Masc,Sing,True,3
4896,נחת,נחת,Fem,Sing,True,586
4897,נחת,נחת,Masc,Sing,True,70
4898,נחתות,נחת,Fem,Plur,True,400
4899,נחתי,נחת,Masc,Plur,True,9
4900,נחתים,נחת,Masc,Plur,True,2360
4925,ניצ,נץ,Masc,Sing,True,2
4926,ניצי,נץ,Masc,Plur,True,24
4927,ניצים,נץ,Masc,Plur,True,99
4928,נכד,נכד,Masc,Sing,True,2396
4929,נכדה,נכדה,Fem,Sing,True,454
4930,נכדה,נכדה,Masc,Sing,True,2
4931,נכדות,נכדה,Fem,Plur,True,89
4932,נכדותי,נכדה,Fem,Plur,True,4
4933,נכדותי,נכדה,Masc,Plur,True,15
4934,נכדי,נכד,Masc,Plur,True,485
4935,נכדים,נכד,Masc,Plur,True,1057
4936,נכדת,נכדה,Fem,Sing,True,1350
4941,נמלה,נמלה,Fem,Sing,True,497
4942,נמלה,נמלה,Masc,Sing,True,34
4943,נמלות,נמלה,Fem,Plur,True,9
4947,נמלת,נמלה,Fem,Sing,True,83
4949,נמען,נמען,Masc,Sing,True,438
4950,נמעני,נמען,Masc,Plur,True,25
4951,נמענים,נמען,Masc,Plur,True,168
4954,נמר,נמר,Masc,Sing,True,1405
4955,נמרי,נמר,Masc,Plur,True,87
4956,נמרי,נמר,Masc,Sing,True,91
4957,נמרים,נמר,Masc,Plur,True,666
4962,נסיך,נסיך,Masc,Sing,True,16344
4963,נסיכ,נסיך,Masc,Sing,True,2
4964,נסיכה,נסיכה,Fem,Sing,True,5333
4967,נסיכות,נסיכה,Fem,Plur,True,485
4968,נסיכות,נסיכה,Fem,Sing,True,4597
4969,נסיכי,נסיך,Masc,Plur,True,492
4970,נסיכים,נסיך,Masc,Plur,True,1707
4971,נסיכת,נסיכה,Fem,Sing,True,4545
4987,נעמי,נעמי,Masc,Plur,True,2
4988,נערה,נערה,Fem,Sing,True,5277
4989,נערות,נערה,Fem,Plur,True,4706
4990,נערותי,נערה,Masc,Plur,True,2
4991,נערת,נערה,Fem,Sing,True,652
4992,נפגע,נפגע,Masc,Sing,True,80
4993,נפגעי,נפגע,Masc,Plur,True,1985
4994,נפגעים,נפגע,Masc,Plur,True,3583
4995,נפגעת,נפגע,Fem,Sing,True,20
4999,נפח,נפח,Masc,Sing,True,6000
5000,נפחי,נפח,Masc,Plur,True,253
5001,נפחי,נפח,Masc,Sing,True,2
5002,נפחים,נפח,Masc,Plur,True,395
5003,נפחת,נפח,Fem,Sing,True,2
5008,נפקד,נפקד,Masc,Sing,True,19
5009,נפקדים,נפקד,Masc,Plur,True,365
5010,נץ,נץ,Masc,Sing,True,346
5011,נצב,נצב,Masc,Sing,True,7
5012,נצבים,נצב,Masc,Plur,True,16
5016,נציג,נציג,Masc,Sing,True,6922
5017,נציגי,נציג,Masc,Plur,True,7150
5018,נציגים,נציג,Masc,Plur,True,5284
5019,נצים,נץ,Masc,Plur,True,143
5046,נשום,נשום,Masc,Sing,True,151
5047,נשות,איש,Fem,Plur,True,2540
5048,נשי,איש,Fem,Plur,True,16
5049,נשי,איש,Fem,Sing,True,4
5050,נשי,איש,Masc,Plur,True,94
5051,נשי,איש,Masc,Sing,True,129
5052,נשיא,נשיא,Masc,Sing,True,73067
5053,נשיאה,נשיא,Fem,Sing,True,2385
5054,נשיאה,נשיא,Masc,Sing,True,712
5057,נשיאותי,נשיא,Masc,Sing,True,9
5058,נשיאי,נשיא,Masc,Plur,True,2792
5059,נשיאים,נשיא,Masc,Plur,True,1601
5060,נשיאת,נשיא,Fem,Sing,True,3594
5063,נשים,איש,Fem,Plur,True,66297
5073,נתבע,נתבע,Masc,Sing,True,853
5074,נתבעות,נתבע,Fem,Plur,True,6
5075,נתבעות,נתבע,Masc,Plur,True,5
5076,נתבעים,נתבע,Masc,Plur,True,230
5077,נתבעת,נתבע,Fem,Sing,True,43
5087,נתיים,נות,Fem,Plur,True,3
5088,נתין,נתין,Masc,Sing,True,217
5089,נתיני,נתין,Masc,Plur,True,783
5090,נתינים,נתין,Masc,Plur,True,701
5091,נתינתם,נתין,Fem,Sing,True,3
5094,סב,סב,Masc,Sing,True,3708
5095,סבא,סבא,Masc,Sing,True,4612
5096,סבאים,סבא,Masc,Plur,True,8
5100,סבה,סבה,Fem,Sing,True,333
5101,סבה,סבה,Masc,Sing,True,2
5102,סבו,סב,Masc,Sing,True,61
5103,סבותי,סב,Masc,Plur,True,11
5110,סבים,סב,Masc,Plur,True,193
5115,סבת,סבה,Fem,Sing,True,2155
5116,סבת,סבה,Masc,Sing,True,66
5117,סבתא,סבתא,Fem,Sing,True,1105
5118,סגן,סגן,Masc,Sing,True,19877
5119,סגנ,סגן,Masc,Sing,True,2946
5126,סגני,סגן,Masc,Plur,True,1504
5127,סגנים,סגן,Masc,Plur,True,245
5134,סדר,סדר,Masc,Sing,True,31150
5137,סדרותי,סדר,Fem,Plur,True,10
5138,סדרותי,סדר,Masc,Plur,True,3
5139,סדרי,סדר,Masc,Plur,True,2735
5140,סדרי,סדר,Masc,Sing,True,2
5141,סדרים,סדר,Masc,Plur,True,1449
5142,סדרן,סדרן,Masc,Sing,True,247
5143,סדרני,סדרן,Masc,Plur,True,4
5144,סדרנים,סדרן,Masc,Plur,True,46
5145,סדרנית,סדרן,Fem,Sing,True,17
5147,סדרתי,סדר,Masc,Sing,True,6
5148,סהרורי,סהרורי,Masc,Sing,True,5
5161,סוהר,סוהר,Masc,Sing,True,4125
5162,סוהרי,סוהר,Masc,Plur,True,26
5163,סוהרים,סוהר,Masc,Plur,True,481
5164,סוחר,סוחר,Masc,Sing,True,6169
5165,סוחרי,סוחר,Masc,Plur,True,1416
5166,סוחרים,סוחר,Masc,Plur,True,5171
5174,סוסה,סוסה,Fem,Sing,True,114
5175,סוסת,סוסה,Fem,Sing,True,66
5183,סופר,סופר,Fem,Sing,True,2
5184,סופר,סופר,Masc,Sing,True,28811
5185,סופרה,סופר,Fem,Sing,True,14
5186,סופרי,סופר,Masc,Plur,True,1986
5187,סופרים,סופר,Masc,Plur,True,14069
5188,סופרת,סופר,Fem,Sing,True,6125
5190,סור,סור,Masc,Sing,True,396
5191,סורות,סור,Fem,Plur,True,149
5192,סורות,סור,Masc,Plur,True,4
5208,סטאטיסטים,סטטיסט,Masc,Plur,True,12
5210,סטודנט,סטודנט,Masc,Sing,True,2823
5211,סטודנטיים,סטודנט,Masc,Plur,True,2
5212,סטודנטים,סטודנט,Fem,Plur,True,2
5213,סטודנטים,סטודנט,Masc,Plur,True,13864
5216,סטטיסט,סטטיסט,Masc,Sing,True,7
5217,סטטיסטים,סטטיסט,Masc,Plur,True,2
5250,סיטונאי,סיטונאי,Masc,Plur,True,6
5251,סיטונאי,סיטונאי,Masc,Sing,True,49
5252,סיטונאים,סיטונאי,Masc,Plur,True,78
5269,סיס,סיס,Masc,Sing,True,10365
5270,סיסי,סיס,Masc,Plur,True,261
5271,סיסי,סיס,Masc,Sing,True,743
5272,סיסיים,סיס,Masc,Plur,True,1011
5273,סיסיים,סיס,Masc,Sing,True,10
5274,סיסים,סיס,Masc,Plur,True,891
5291,סכל,סכל,Masc,Sing,True,22
5292,סכלים,סכל,Masc,Plur,True,6
5330,סנאי,סנאי,Masc,Plur,True,23
5331,סנאי,סנאי,Masc,Sing,True,613
5332,סנאיי,סנאי,Masc,Plur,True,22
5333,סנאיי,סנאי,Masc,Sing,True,2
5334,סנאיים,סנאי,Masc,Plur,True,73
5335,סנאים,סנאי,Masc,Plur,True,270
5338,סנדלר,סנדלר,Masc,Sing,True,133
5339,סנדלרים,סנדלר,Masc,Plur,True,116
5359,ספור,ספר,Masc,Sing,True,375
5370,ספן,ספן,Masc,Sing,True,207
5371,ספני,ספן,Masc,Plur,True,33
5372,ספנים,ספן,Masc,Plur,True,242
5374,ספסר,ספסר,Masc,Sing,True,12
5375,ספסרים,ספסר,Masc,Plur,True,11
5376,ספק,ספק,Masc,Sing,True,12659
5377,ספקי,ספק,Masc,Plur,True,677
5378,ספקים,ספק,Masc,Plur,True,705
5380,ספר,ספר,Masc,Sing,True,231502
5383,ספרי,ספר,Masc,Plur,True,39654
5384,ספרי,ספר,Masc,Sing,True,23
5385,ספריי,ספר,Fem,Plur,True,2
5386,ספריי,ספר,Fem,Sing,True,5
5387,ספריי,ספר,Masc,Plur,True,84
5388,ספריי,ספר,Masc,Sing,True,100
5389,ספריים,ספר,Masc,Plur,True,14
5390,ספרים,ספר,Masc,Plur,True,44215
5405,סר,סר,Masc,Sing,True,1539
5406,סרבן,סרבן,Masc,Sing,True,149
5407,סרבני,סרבן,Masc,Plur,True,133
5408,סרבנים,סרבן,Masc,Plur,True,139
5426,סרים,סר,Masc,Plur,True,2
5427,סריס,סריס,Masc,Sing,True,132
5428,סריסי,סריס,Masc,Plur,True,7
5429,סריסי,סריס,Masc,Sing,True,2
5430,סריסים,סריס,Masc,Plur,True,182
5434,סרן,סרן,Masc,Sing,True,2743
5435,סרנ,סרן,Masc,Sing,True,13
5436,סרני,סרן,Masc,Plur,True,10
5437,סרנים,סרן,Masc,Plur,True,200
5438,סרסור,סרסור,Masc,Sing,True,165
5439,סרסורים,סרסור,Masc,Plur,True,100
5440,סרת,סר,Fem,Sing,True,148
5441,סת,סת,Fem,Sing,True,623
5442,סת,סת,Masc,Sing,True,321
5443,סתוים,סת,Masc,Plur,True,16
5444,סתים,סת,Masc,Plur,True,7
5445,סתת,סתת,Fem,Sing,True,90
5446,סתת,סתת,Masc,Sing,True,20
5447,סתתי,סתת,Masc,Plur,True,2
5448,סתתים,סתת,Masc,Plur,True,53
5449,עבד,עבד,Masc,Sing,True,1967
5450,עבדה,עבד,Fem,Sing,True,25
5451,עבדי,עבד,Masc,Plur,True,623
5452,עבדי,עבד,Masc,Sing,True,7
5453,עבדים,עבד,Fem,Plur,True,2
5454,עבדים,עבד,Masc,Plur,True,7756
5464,עבר,עבר,Masc,Sing,True,49800
5465,עברה,עבר,Fem,Sing,True,2248
5466,עברה,עבר,Masc,Sing,True,2
5467,עברו,עבר,Masc,Plur,True,26
5468,עברי,עבר,Masc,Plur,True,494
5469,עברי,עבר,Masc,Sing,True,255
5470,עבריי,עבר,Masc,Plur,True,4
5471,עברים,עבר,Masc,Plur,True,616
5474,עגור,עגור,Masc,Sing,True,347
5475,עגורי,עגור,Masc,Plur,True,6
5476,עגוריים,עגור,Masc,Plur,True,22
5477,עגורים,עגור,Masc,Plur,True,204
5484,עגלה,עגלה,Fem,Sing,True,903
5485,עגלון,עגלון,Masc,Sing,True,198
5486,עגלונים,עגלון,Masc,Plur,True,38
5487,עגלת,עגלה,Fem,Sing,True,330
5507,עובד,עובד,Masc,Sing,True,9802
5508,עובדות,עובד,Fem,Plur,True,3
5509,עובדי,עובד,Masc,Plur,True,9519
5510,עובדים,עובד,Masc,Plur,True,19705
5511,עוברת,עבר,Fem,Sing,True,8
5521,עוון,עוון,Masc,Sing,True,931
5522,עוונ,עוון,Masc,Sing,True,15
5523,עווני,עוון,Masc,Plur,True,6
5524,עווני,עוון,Masc,Sing,True,2
5536,עונים,עוון,Masc,Plur,True,17
5541,עורך,עורך,Masc,Sing,True,22429
5542,עורכ,עורך,Masc,Sing,True,274
5543,עורכי,עורך,Masc,Plur,True,9370
5545,עורכת,עורך,Fem,Sing,True,4384
5546,עז,עז,Fem,Sing,True,2
5547,עז,עז,Masc,Sing,True,546
5552,עזי,עז,Masc,Plur,True,24
5553,עזי,עז,Masc,Sing,True,2
5557,עזים,עז,Masc,Plur,True,306
5565,עטלף,עטלף,Masc,Sing,True,1542
5566,עטלפי,עטלף,Masc,Plur,True,405
5567,עטלפי,עטלף,Masc,Sing,True,2
5568,עטלפים,עטלף,Masc,Plur,True,1287
5597,עכבר,עכבר,Masc,Sing,True,2058
5598,עכברי,עכבר,Masc,Plur,True,112
5599,עכברים,עכבר,Masc,Plur,True,1235
5609,עלוקה,עלוקה,Fem,Sing,True,59
5610,עלוקות,עלוקה,Fem,Plur,True,66
5611,עלוקת,עלוקה,Fem,Sing,True,3
5637,עמית,עמית,Fem,Sing,True,1722
5638,עמית,עמית,Masc,Sing,True,2078
5639,עמיתי,עמית,Fem,Plur,True,117
5640,עמיתי,עמית,Masc,Plur,True,3072
5641,עמיתיי,עמית,Masc,Plur,True,4
5642,עמיתים,עמית,Masc,Plur,True,1556
5643,עמל,עמל,Masc,Sing,True,876
5645,עמלו,עמל,Masc,Plur,True,7
5646,עמלו,עמל,Masc,Sing,True,2
5648,עמלי,עמל,Masc,Plur,True,20
5649,עמלי,עמל,Masc,Sing,True,3
5692,עפר,עפר,Masc,Sing,True,2170
5698,עפרים,עפר,Masc,Plur,True,46
5715,עציר,עציר,Masc,Sing,True,83
5719,עצירי,עציר,Masc,Plur,True,15
5720,עצירים,עציר,Masc,Plur,True,438
5748,עקרב,עקרב,Masc,Sing,True,426
5749,עקרבים,עקרב,Masc,Plur,True,2
5786,עריץ,עריץ,Masc,Sing,True,344
5787,עריצ,עריץ,Masc,Sing,True,11
5788,עריצי,עריץ,Masc,Plur,True,299
5789,עריצים,עריץ,Masc,Plur,True,95
5817,ערפד,ערפד,Masc,Sing,True,864
5818,ערפדי,ערפד,Masc,Plur,True,15
5819,ערפדים,ערפד,Masc,Plur,True,1042
5820,ערפדים,ערפד,Masc,Sing,True,2
5829,עש,עש,Masc,Sing,True,330
5830,עשי,עש,Masc,Plur,True,639
5831,עשי,עש,Masc,Sing,True,168
5832,עשים,עש,Masc,Plur,True,2
5884,פוך,פוך,Masc,Sing,True,1321
5887,פוליגלוט,פוליגלוט,Masc,Sing,True,7
5896,פולשים,פולש,Masc,Plur,True,1225
5897,פומה,פומה,Fem,Sing,True,190
5898,פומות,פומה,Fem,Plur,True,15
5899,פומות,פומה,Masc,Plur,True,46
5904,פוסל,פסל,Masc,Sing,True,5
5905,פוסקי,פוסק,Masc,Plur,True,419
5906,פוסקים,פוסק,Masc,Plur,True,2416
5907,פועל,פועל,Masc,Sing,True,31158
5909,פועלי,פועל,Masc,Plur,True,2107
5910,פועלי,פועל,Masc,Sing,True,14
5911,פועלים,פועל,Masc,Plur,True,10301
5914,פורעי,פורע,Masc,Plur,True,170
5915,פורעים,פורע,Masc,Plur,True,813
5916,פורצ,פורץ,Masc,Sing,True,2
5917,פורצי,פורץ,Masc,Plur,True,215
5918,פורצים,פורץ,Masc,Plur,True,168
5919,פורצת,פורץ,Fem,Sing,True,99
5921,פושע,פושע,Masc,Sing,True,1427
5922,פושעי,פושע,Masc,Plur,True,855
5923,פושעים,פושע,Masc,Plur,True,1785
5924,פושעת,פושע,Fem,Sing,True,30
5938,פחדן,פחדן,Masc,Sing,True,92
5939,פחדנים,פחדן,Masc,Plur,True,19
5940,פחה,פחה,Fem,Sing,True,12
5941,פחה,פחה,Masc,Sing,True,79
5942,פחותי,פחה,Masc,Plur,True,8
5948,פחת,פחה,Masc,Sing,True,2
5967,פיה,פיה,Fem,Sing,True,219
5968,פיה,פיה,Masc,Sing,True,905
5975,פיטנים,פיטן,Masc,Plur,True,2
5976,פיל,פיל,Masc,Sing,True,1275
5977,פילגש,פילגש,Fem,Sing,True,31
5978,פילגש,פילגש,Masc,Sing,True,741
5979,פילגשי,פילגש,Masc,Plur,True,69
5980,פילגשי,פילגש,Masc,Sing,True,9
5981,פילגשים,פילגש,Fem,Plur,True,25
5982,פילגשים,פילגש,Masc,Plur,True,157
6006,פליט,פליט,Masc,Sing,True,491
6007,פליטה,פליט,Fem,Sing,True,1938
6008,פליטי,פליט,Masc,Plur,True,785
6009,פליטים,פליט,Masc,Plur,True,9989
6010,פליטת,פליט,Masc,Sing,True,6
6022,פלשתינאים,פלשתינאי,Masc,Plur,True,31
6089,פסל,פסל,Masc,Sing,True,11517
6093,פסלי,פסל,Masc,Plur,True,1949
6094,פסלים,פסל,Masc,Plur,True,6375
6099,פסנתרן,פסנתרן,Masc,Sing,True,2706
6100,פסנתרנות,פסנתרן,Fem,Sing,True,6
6101,פסנתרני,פסנתרן,Masc,Plur,True,21
6102,פסנתרנים,פסנתרן,Masc,Plur,True,885
6103,פסנתרנית,פסנתרן,Fem,Sing,True,735
6104,פספוס,פספוס,Masc,Sing,True,77
6105,פספוסים,פספוס,Masc,Plur,True,65
6112,פעוט,פעוט,Masc,Sing,True,332
6113,פעוטות,פעוט,Fem,Plur,True,317
6114,פעוטות,פעוט,Masc,Plur,True,306
6115,פעוטים,פעוט,Masc,Plur,True,6
6117,פעיל,פעיל,Masc,Sing,True,6597
6118,פעילה,פעיל,Fem,Sing,True,2744
6124,פעילי,פעיל,Masc,Plur,True,5156
6125,פעילים,פעיל,Masc,Plur,True,4997
6163,פרד,פרד,Masc,Sing,True,335
6164,פרדים,פרד,Masc,Plur,True,33
6165,פרה,ספר,Masc,Sing,True,2
6168,פרוה,פרוה,Masc,Sing,True,3
6179,פרוצה,פרוצה,Fem,Sing,True,89
6180,פרוצות,פרוצה,Fem,Plur,True,53
6212,פרעוש,פרעוש,Masc,Sing,True,94
6213,פרעושי,פרעוש,Masc,Plur,True,9
6214,פרעושים,פרעוש,Masc,Plur,True,168
6219,פרפר,פרפר,Masc,Sing,True,3364
6220,פרפרי,פרפר,Masc,Plur,True,50
6221,פרפרים,פרפר,Masc,Plur,True,760
6222,פרפרית,פרפר,Fem,Sing,True,7
6230,פרשן,פרשן,Masc,Sing,True,2292
6235,פרשני,פרשן,Masc,Plur,True,1639
6236,פרשני,פרשן,Masc,Sing,True,23
6237,פרשניים,פרשן,Masc,Plur,True,6
6238,פרשנים,פרשן,Masc,Plur,True,2134
6239,פשה,פשה,Fem,Sing,True,12
6240,פשה,פשה,Masc,Sing,True,12
6290,צאצא,צאצא,Masc,Sing,True,2127
6291,צאצאי,צאצא,Masc,Plur,True,4579
6292,צאצאים,צאצא,Masc,Plur,True,2674
6293,צב,צב,Masc,Sing,True,1656
6302,צבוע,צבוע,Masc,Sing,True,126
6303,צבועיים,צבוע,Masc,Plur,True,21
6304,צבועים,צבוע,Masc,Plur,True,158
6309,צבי,צבי,Masc,Plur,True,500
6310,צבי,צבי,Masc,Sing,True,57
6311,צביות,צביה,Fem,Plur,True,3
6312,צביי,צבי,Masc,Plur,True,14
6313,צבים,צב,Masc,Plur,True,1131
6314,צבע,צבע,Masc,Sing,True,22499
6315,צבעה,צבע,Fem,Sing,True,3642
6319,צבעי,צבע,Masc,Plur,True,5715
6320,צבעי,צבע,Masc,Sing,True,3
6321,צבעיה,צבע,Fem,Sing,True,14
6322,צבעיה,צבע,Masc,Plur,True,19
6323,צבעים,צבע,Masc,Plur,True,7977
6335,צופות,צופה,Fem,Plur,True,152
6337,צופים,צופה,Masc,Plur,True,11342
6370,ציר,ציר,Masc,Sing,True,9885
6371,צירי,ציר,Masc,Plur,True,2349
6372,צירי,ציר,Masc,Sing,True,5
6373,צירים,ציר,Masc,Plur,True,3639
6374,צירים,ציר,Masc,Sing,True,2
6386,צלם,צלם,Masc,Sing,True,2578
6387,צלמ,צלם,Masc,Sing,True,155
6388,צלמי,צלם,Masc,Plur,True,543
6389,צלמים,צלם,Masc,Plur,True,1415
6397,צלף,צלף,Masc,Sing,True,806
6398,צלפ,צלף,Masc,Sing,True,8
6399,צלפי,צלף,Masc,Plur,True,183
6418,צמר,צמר,Masc,Sing,True,1468
6419,צמרים,צמר,Masc,Plur,True,2
6422,צנחן,צנחן,Masc,Sing,True,242
6423,צנחני,צנחן,Masc,Plur,True,198
6424,צנחנים,צנחן,Masc,Plur,True,3726
6425,צנחנים,צנחן,Masc,Sing,True,959
6441,צעיר,צעיר,Masc,Sing,True,2519
6442,צעירה,צעיר,Fem,Sing,True,1649
6443,צעירות,צעיר,Fem,Plur,True,5228
6444,צעירות,צעיר,Fem,Sing,True,121
6445,צעירי,צעיר,Masc,Plur,True,1212
6446,צעירים,צעיר,Masc,Plur,True,8579
6458,צפיר,צפיר,Masc,Sing,True,47
6459,צפירי,צפיר,Masc,Plur,True,7
6460,צפירים,צפיר,Masc,Plur,True,88
6464,צפע,צפע,Masc,Sing,True,389
6465,צפעי,צפע,Masc,Plur,True,2
6466,צפעיים,צפע,Masc,Plur,True,63
6467,צפעים,צפע,Masc,Plur,True,10
6501,צרכן,צרכן,Masc,Sing,True,1768
6502,צרכני,צרכן,Masc,Plur,True,307
6503,צרכניות,צרכן,Fem,Plur,True,45
6504,צרכנים,צרכן,Masc,Plur,True,1960
6505,צרכנית,צרכן,Fem,Sing,True,22
6506,צרעה,צרעה,Fem,Sing,True,194
6507,צרעת,צרעה,Fem,Sing,True,398
6508,צרצר,צרצר,Masc,Sing,True,117
6509,צרצר},צרצר,Masc,Sing,True,3
6510,צרצרים,צרצר,Masc,Plur,True,78
6511,קאובויים,קאובוי,Masc,Plur,True,3
6531,קבצן,קבצן,Masc,Sing,True,195
6534,קבצני,קבצן,Masc,Plur,True,4
6535,קבצנים,קבצן,Masc,Plur,True,264
6536,קבצנית,קבצנית,Fem,Sing,True,9
6547,קברן,קברן,Masc,Sing,True,237
6548,קברני,קברן,Masc,Plur,True,2
6549,קברנים,קברן,Masc,Plur,True,62
6581,קוברה,קוברה,Fem,Sing,True,346
6582,קוברה,קוברה,Masc,Sing,True,142
6587,קודם,קודם,Masc,Sing,True,115
6588,קודמ,קודם,Masc,Sing,True,1071
6589,קודמות,קודם,Fem,Plur,True,24
6590,קודמי,קודם,Masc,Plur,True,1122
6591,קודמי,קודם,Masc,Sing,True,11
6592,קודמים,קודם,Masc,Plur,True,7
6593,קודמם,קודם,Masc,Sing,True,5
6594,קודמת,קודם,Fem,Sing,True,388
6606,קומפוזיטור,קומפוזיטור,Masc,Sing,True,22
6611,קונה,קונה,Fem,Sing,True,4
6612,קונה,קונה,Masc,Sing,True,891
6613,קונו,קונה,Masc,Sing,True,13
6614,קונוויי,קונה,Masc,Sing,True,7
6615,קונות,קונה,Fem,Plur,True,9
6617,קוני,קונה,Masc,Plur,True,87
6618,קוני,קונה,Masc,Sing,True,64
6619,קונים,קונה,Masc,Plur,True,652
6626,קוקר,קוקר,Masc,Sing,True,36
6627,קורה,קרה,Fem,Sing,True,2
6628,קורה,קרה,Masc,Sing,True,375
6640,קושר,קשר,Masc,Sing,True,33
6641,קושרי,קשר,Masc,Plur,True,59
6642,קושרים,קשר,Masc,Plur,True,691
6651,קטן,קטן,Masc,Sing,True,53
6652,קטנ,קטן,Masc,Sing,True,4
6653,קטנה,קטן,Fem,Sing,True,150
6659,קטני,קטן,Masc,Plur,True,5
6660,קטנים,קטן,Masc,Plur,True,3
6661,קטנצ'יק,קטנצ'יק,Masc,Sing,True,2
6662,קטע,קטע,Masc,Sing,True,16296
6663,קטעי,קטע,Masc,Plur,True,5054
6664,קטעים,קטע,Masc,Plur,True,8655
6679,קיצוני,קיצוני,Masc,Sing,True,273
6680,קיצוניות,קיצוני,Fem,Plur,True,2
6681,קיצוניות,קיצוני,Fem,Sing,True,397
6682,קיצוניים,קיצוני,Masc,Plur,True,72
6683,קיצונים,קיצוני,Masc,Plur,True,268
6687,קלינט,קלינט,Masc,Sing,True,2
6712,קמצן,קמצן,Masc,Sing,True,129
6713,קמצנים,קמצן,Masc,Plur,True,8
6716,קנאי,קנאי,Masc,Plur,True,6
6717,קנאי,קנאי,Masc,Sing,True,179
6718,קנאים,קנאי,Masc,Plur,True,529
6723,קנין,קנין,Masc,Sing,True,199
6724,קנינ,קנין,Masc,Sing,True,2
6725,קנינים,קנין,Masc,Plur,True,5
6747,קצין,קצין,Masc,Sing,True,12533
6748,קציני,קצין,Masc,Plur,True,4830
6749,קצינים,קצין,Masc,Plur,True,8510
6765,קרה,קרה,Fem,Sing,True,393
6766,קרה,קרה,Masc,Sing,True,57
6767,קרו,קרה,Masc,Plur,True,47
6768,קרו,קרה,Masc,Sing,True,8
6770,קרוקודיל,קרוקודיל,Masc,Sing,True,47
6771,קרוקודילים,קרוקודיל,Masc,Plur,True,17
6786,קרן,קרן,Fem,Sing,True,25996
6787,קרן,קרן,Masc,Sing,True,9
6788,קרנ,קרן,Fem,Sing,True,185
6789,קרנ,קרן,Masc,Sing,True,271
6790,קרנו,קרן,Masc,Plur,True,6
6791,קרנו,קרן,Masc,Sing,True,37
6792,קרנות,קרן,Fem,Plur,True,2974
6793,קרנותי,קרן,Fem,Plur,True,4
6794,קרנותי,קרן,Masc,Plur,True,2
6795,קרני,קרן,Fem,Plur,True,3125
6796,קרני,קרן,Fem,Sing,True,15
6797,קרניות,קרן,Fem,Plur,True,45
6798,קרניים,קרן,Fem,Plur,True,1499
6799,קרניים,קרן,Fem,Sing,True,6
6800,קרניים,קרן,Masc,Plur,True,361
6801,קרניים,קרן,Masc,Sing,True,3
6802,קרנים,קרן,Masc,Plur,True,49
6803,קרנף,קרנף,Masc,Sing,True,768
6804,קרנפי,קרן,Masc,Plur,True,27
6805,קרפיון,קרפיון,Masc,Sing,True,118
6806,קרפיונים,קרפיון,Masc,Plur,True,44
6810,קרקס,קרקס,Masc,Sing,True,1488
6811,קרקסי,קרקס,Masc,Plur,True,2
6812,קרקסים,קרקס,Masc,Plur,True,112
6815,קרתי,קרה,Masc,Sing,True,14
6820,קשר,קשר,Masc,Sing,True,48898
6821,קשרה,קשר,Fem,Sing,True,44
6822,קשרו,קשר,Masc,Plur,True,18
6823,קשרי,קשר,Masc,Plur,True,9849
6824,קשרי,קשר,Masc,Sing,True,40
6825,קשרים,קשר,Masc,Plur,True,13782
6826,קשת,קשת,Fem,Sing,True,12400
6827,קשת,קשת,Masc,Sing,True,10
6828,קשתות,קשת,Fem,Plur,True,2999
6829,קשתות,קשת,Fem,Sing,True,3
6830,קשתותי,קשת,Fem,Plur,True,14
6831,קשתותי,קשת,Masc,Plur,True,16
6832,קשתי,קשת,Masc,Plur,True,12
6833,קשתי,קשת,Masc,Sing,True,11
6834,קשתים,קשת,Masc,Plur,True,567
6850,ראש,ראש,Masc,Sing,True,153628
6856,ראשי,ראש,Masc,Plur,True,25422
6857,ראשי,ראש,Masc,Sing,True,308
6858,ראשים,ראש,Masc,Plur,True,1216
6862,רב,רב,Fem,Sing,True,3
6863,רב,רב,Masc,Sing,True,94933
6866,רבה,רב,Fem,Sing,True,1473
6867,רבה,רב,Masc,Sing,True,16
6868,רבותי,רב,Masc,Plur,True,371
6869,רבותי,רב,Masc,Sing,True,17
6870,רבי,רב,Masc,Plur,True,3
6871,רבי,רב,Masc,Sing,True,2
6872,רבי,רבי,Masc,Plur,True,943
6873,רבי,רבי,Masc,Sing,True,26669
6874,רביי,רבי,Masc,Plur,True,143
6875,רביי,רבי,Masc,Sing,True,87
6876,רבים,רב,Masc,Plur,True,4888
6879,רבני,רב,Masc,Plur,True,3746
6880,רבני,רב,Masc,Sing,True,6
6881,רבנים,רב,Masc,Plur,True,16255
6885,רבת,רב,Fem,Sing,True,129
6936,רוזן,רוזן,Masc,Sing,True,3814
6937,רוזני,רוזן,Masc,Plur,True,19
6938,רוזני,רוזן,Masc,Sing,True,2
6939,רוזנים,רוזן,Masc,Plur,True,389
6940,רוזנת,רוזן,Fem,Sing,True,378
6949,רוכב,רוכב,Masc,Sing,True,2
6950,רוכב,רכב,Masc,Sing,True,2450
6951,רוכבי,רוכב,Masc,Plur,True,1323
6952,רוכבים,רוכב,Masc,Plur,True,1763
6953,רוכל,רוכל,Masc,Sing,True,175
6954,רוכלי,רוכל,Masc,Plur,True,12
6955,רוכלים,רוכל,Masc,Plur,True,215
6966,רועה,רועה,Fem,Sing,True,10
6967,רועה,רועה,Masc,Sing,True,877
6968,רועות,רועה,Fem,Plur,True,2
6969,רועי,רועה,Masc,Plur,True,253
6970,רועי,רועה,Masc,Sing,True,4
6971,רועים,רועה,Masc,Plur,True,811
6972,רועת,רועה,Fem,Sing,True,12
6973,רופא,רופא,Masc,Sing,True,13468
6974,רופאה,רופא,Fem,Sing,True,938
6975,רופאות,רופא,Fem,Plur,True,242
6976,רופאי,רופא,Masc,Plur,True,1252
6977,רופאים,רופא,Masc,Plur,True,7628
6978,רוצח,רוצח,Masc,Sing,True,4213
6979,רוצחי,רוצח,Masc,Plur,True,340
6980,רוצחים,רוצח,Masc,Plur,True,1464
6997,רכב,רכב,Masc,Sing,True,31504
6998,רכבי,רכב,Masc,Plur,True,2560
6999,רכבי,רכב,Masc,Sing,True,4
7000,רכבים,רכב,Masc,Plur,True,2613
7008,רכילויות,רכילות,Fem,Plur,True,36
7009,רכילות,רכילות,Fem,Sing,True,510
7018,רמאי,רמאי,Masc,Sing,True,70
7019,רמאים,רמאי,Masc,Plur,True,57
7044,רעמה,רעמה,Fem,Sing,True,205
7047,רעמת,רעמה,Fem,Sing,True,118
7054,רפד,רפד,Masc,Sing,True,9
7115,רתך,רתך,Masc,Sing,True,31
7116,רתכים,רתך,Masc,Plur,True,10
7192,שואלי,שואל,Masc,Plur,True,27
7193,שובה,שובה,Fem,Sing,True,652
7194,שובה,שובה,Masc,Sing,True,7
7204,שובת,שובה,Fem,Sing,True,20
7205,שובת,שובה,Masc,Sing,True,4
7206,שובתי,שובה,Masc,Plur,True,37
7209,שוחט,שוחט,Masc,Sing,True,12
7210,שוחטי,שוחט,Masc,Plur,True,4
7211,שוחטים,שוחט,Masc,Plur,True,216
7228,שועל,שועל,Masc,Sing,True,1843
7229,שועלי,שועל,Masc,Plur,True,156
7230,שועלי,שועל,Masc,Sing,True,4
7231,שועלים,שועל,Masc,Plur,True,588
7232,שופט,שופט,Masc,Sing,True,14320
7233,שופטות,שופט,Fem,Plur,True,180
7234,שופטי,שופט,Masc,Plur,True,2019
7235,שופטים,שופט,Masc,Plur,True,10019
7236,שופטת,שופט,Fem,Sing,True,2767
7246,שושבינה,שושבינה,Fem,Sing,True,32
7270,שחף,שחף,Masc,Sing,True,193
7271,שחפי,שחף,Masc,Plur,True,4
7272,שחפים,שחף,Masc,Plur,True,208
7273,שחקן,שחקן,Masc,Sing,True,44390
7274,שחקני,שחקן,Masc,Plur,True,15750
7275,שחקניות,שחקן,Fem,Plur,True,5800
7276,שחקנים,שחקן,Masc,Plur,True,32104
7277,שחקנית,שחקן,Fem,Sing,True,20977
7278,שחר,שחר,Masc,Sing,True,1771
7282,שחרים,שחר,Masc,Plur,True,5
7297,שטן,שטן,Masc,Sing,True,2489
7298,שטנים,שטן,Masc,Plur,True,38
7308,שיח,שיח,Masc,Sing,True,5808
7313,שיחי,שיח,Masc,Plur,True,308
7314,שיחיים,שיח,Masc,Plur,True,2
7315,שיחים,שיח,Masc,Plur,True,1449
7343,שכבה,שכבה,Fem,Sing,True,2794
7344,שכבות,שכבה,Fem,Plur,True,5105
7345,שכבותי,שכבה,Fem,Plur,True,21
7346,שכבת,שכבה,Fem,Sing,True,2806
7387,שלדג,שלדג,Masc,Sing,True,339
7388,שלדגים,שלדג,Masc,Plur,True,36
7393,שלו,שלו,Masc,Sing,True,25
7417,שליח,שליח,Masc,Sing,True,3121
7418,שליחי,שליח,Masc,Plur,True,904
7419,שליחים,שליח,Masc,Plur,True,5465
7420,שליחים,שליח,Masc,Sing,True,268
7430,שלם,שלם,Masc,Sing,True,258
7431,שלמ,שלם,Masc,Sing,True,1473
7432,שלמי,שלם,Masc,Plur,True,53
7433,שלמי,שלם,Masc,Sing,True,55
7434,שלמים,שלם,Masc,Plur,True,415
7440,שמאי,שמאי,Masc,Plur,True,7
7441,שמאי,שמאי,Masc,Sing,True,530
7477,שמש,שמש,Fem,Sing,True,17951
7478,שמש,שמש,Masc,Sing,True,302
7479,שמשה,שמש,Fem,Sing,True,188
7480,שמשה,שמש,Masc,Sing,True,5
7482,שמשים,שמש,Masc,Plur,True,15
7521,שעיר,שעיר,Masc,Sing,True,276
7522,שעירי,שעיר,Masc,Plur,True,18
7523,שעיריית,שעיר,Fem,Sing,True,12
7524,שעירים,שעיר,Masc,Plur,True,74
7591,שרברב,שרברב,Masc,Sing,True,20
7614,שרף,שרף,Masc,Sing,True,1223
7615,שרפ,שרף,Masc,Sing,True,10
7616,שרפי,שרף,Masc,Plur,True,2
7617,שרפים,שרף,Masc,Plur,True,108
7698,תולעת,תולעת,Fem,Sing,True,988
7746,תינוק,תינוק,Masc,Sing,True,5420
7747,תינוקות,תינוק,Fem,Plur,True,28
7748,תינוקות,תינוק,Fem,Sing,True,4
7749,תינוקות,תינוק,Masc,Plur,True,3490
7750,תינוקות,תינוק,Masc,Sing,True,35
7751,תינוקותי,תינוק,Fem,Plur,True,16
7752,תינוקי,תינוק,Masc,Plur,True,5
7753,תינוקי,תינוק,Masc,Sing,True,2
7754,תינוקים,תינוק,Masc,Plur,True,3
7755,תינוקת,תינוק,Fem,Sing,True,952
7760,תיקן,תיקן,Masc,Sing,True,93
7761,תיקנים,תיקן,Masc,Plur,True,97
7765,תיש,תיש,Masc,Sing,True,79
7776,תכשיט,תכשיט,Masc,Sing,True,373
7777,תכשיטי,תכשיט,Masc,Plur,True,373
7778,תכשיטים,תכשיט,Masc,Plur,True,2071
7779,תכשיטית,תכשיט,Fem,Sing,True,2
7789,תלין,תלין,Masc,Sing,True,2
7796,תלמיד,תלמיד,Masc,Sing,True,10320
7797,תלמידה,תלמיד,Fem,Sing,True,931
7798,תלמידותי,תלמיד,Fem,Plur,True,74
7799,תלמידותי,תלמיד,Masc,Plur,True,44
7800,תלמידי,תלמיד,Masc,Plur,True,14327
7801,תלמידים,תלמיד,Masc,Plur,True,15384
7828,תמסח,תמסח,Masc,Sing,True,17
7829,תמסחים,תמסח,Masc,Plur,True,39
7833,תן,תן,Masc,Sing,True,209
7861,תני,תן,Masc,Sing,True,3
7862,תנים,תן,Masc,Plur,True,182
7863,תנין,תנין,Masc,Sing,True,1651
7864,תניני,תנין,Masc,Plur,True,197
7865,תנינים,תנין,Masc,Plur,True,883
7874,תסריטאי,תסריטאי,Masc,Plur,True,931
7875,תסריטאי,תסריטאי,Masc,Sing,True,4012
7876,תעבור,עבר,Fem,Sing,True,47
7979,תרנגול,תרנגול,Masc,Sing,True,956
7980,תרנגולות,תרנגול,Fem,Plur,True,551
7981,תרנגולי,תרנגול,Masc,Plur,True,129
7982,תרנגולים,תרנגול,Masc,Plur,True,351
